Music_Title,Image
Grievous Lady,Datas\Music_Image\Grievous Lady.jpg.webp
Fracture Ray,Datas\Music_Image\Fracture Ray.jpg.webp
最強STRONGER,Datas\Music_Image\SAIKYO STRONGER.jpg.webp
Aegleseeker,Datas\Music_Image\Aegleseeker.jpg.webp
PRAGMATISM -RESURRECTION-,Datas\Music_Image\PRAGMATISM -RESURRECTION-.jpg.webp
魔王,Datas\Music_Image\World Ender.jpg.webp
Abstruse Dilenma,Datas\Music_Image\Abstruse Dilemma.jpg.webp
Arghena,Datas\Music_Image\Arghena.jpg.webp
Dantalion,Datas\Music_Image\Dantalion.jpg.webp
#1f1e33,Datas\Music_Image\#1f1e33-2.jpg.webp
業 -善なる神とこの世の悪について-,Datas\Music_Image\Misdeed -la bonte de Dieu et l'origine du mal-.jpg.webp
"Infinite Strife,",Datas\Music_Image\Infinite Strife.jpg.webp
LAMIA,Datas\Music_Image\LAMIA.jpg.webp
CHAOS,Datas\Music_Image\CHAOS.jpg.webp
Testify,Datas\Music_Image\Testify.jpg.webp
Axium Crisis,Datas\Music_Image\Axium Crisis.jpg.webp
Halcyon,Datas\Music_Image\Halcyon.jpg.webp
ourboros -twin stroke of the end-,Datas\Music_Image\ouroboros -twin stroke of the end-.jpg.webp
World Vanquisher,Datas\Music_Image\World Vanquisher.jpg.webp
Ringed Genesis,Datas\Music_Image\Ringed Genesis.jpg.webp
BUCHiGiRE Berserker,Datas\Music_Image\BUCHiGiRE Berserker.jpg.webp
ω4,Datas\Music_Image\ω4.jpg.webp
AMAZING MIGHTYYYY!!!!,Datas\Music_Image\AMAZING MIGHTYYYY!!!!.jpg
烈華RESONANCE,Datas\Music_Image\REKKA RESONANCE.jpg.webp
GENOCIDER,Datas\Music_Image\GENOCIDER.jpg.webp
Stasis,Datas\Music_Image\Stasis.jpg.webp
蜘蛛の糸,Datas\Music_Image\Spider's Thread.jpg.webp
II,Datas\Music_Image\Ⅱ.jpg.webp
cyanine,Datas\Music_Image\cyanine.jpg.webp
Singularity,Datas\Music_Image\Singularity.jpg.webp
Cyaegha,Datas\Music_Image\Cyaegha.jpg.webp
怒槌,Datas\Music_Image\Ikazuchi.jpg.webp
corps-sans-organes,Datas\Music_Image\corps-sans-organes.jpg.webp
Felis,Datas\Music_Image\Felis.jpg.webp
Last Celebration,Datas\Music_Image\Last Celebration.jpg.webp
Overwhelm,Datas\Music_Image\Overwhelm.jpg.webp
Seclusion,Datas\Music_Image\Seclusion.jpg.webp
Live Fast Die Young,Datas\Music_Image\Live Fast Die Young.jpg.webp
PUPA,Datas\Music_Image\PUPA.jpg.webp
Arcana Eden,Datas\Music_Image\Arcana Eden.jpg.webp
Rise of the world,Datas\Music_Image\Rise of the World.jpg.webp
UNKNOWN LEVELS,Datas\Music_Image\UNKNOWN LEVELS.jpg.webp
Ego Eimi,Datas\Music_Image\Ego Eimi.jpg.webp
PRAGMATISM,Datas\Music_Image\PRAGMATISM.jpg.webp
Sheriruth,Datas\Music_Image\Sheriruth.jpg.webp
Nirv lucE,Datas\Music_Image\Nirv lucE.jpg.webp
conflict,Datas\Music_Image\conflict.jpg.webp
Ether Strike,Datas\Music_Image\Ether Strike.jpg.webp
Scarlet Lance,Datas\Music_Image\Scarlet Lance.jpg.webp
IZANA,Datas\Music_Image\IZANA.jpg.webp
Malicious Mischance,Datas\Music_Image\Malicious Mischance.jpg.webp
アリス・リデルに捧ぐ,Datas\Music_Image\To_ Alice Liddell.jpg.webp
Viyella's Tears,Datas\Music_Image\Viyella's Tears.jpg.webp
Löschen,Datas\Music_Image\Löschen.jpg.webp
Pentiment,Datas\Music_Image\Pentiment.jpg.webp
Trrrickstars!!,Datas\Music_Image\Trrricksters!!.jpg.webp
99 Glooms,Datas\Music_Image\99 Glooms.jpg.webp
Logos,Datas\Music_Image\Logos.jpg.webp
Lethaeus,Datas\Music_Image\Lethaeus.jpg.webp
Sulfur,Datas\Music_Image\Sulfur.jpg.webp
Black Territory,Datas\Music_Image\Black Territory.jpg.webp
Corruption,Datas\Music_Image\Corruption.jpg.webp
Dreadnought,Datas\Music_Image\Dreadnought.jpg.webp
BATTLE NO.1,Datas\Music_Image\BATTLE NO.1.jpg.webp
BLRINK,Datas\Music_Image\BLRINK.jpg.webp
Lost Desire,Datas\Music_Image\Lost Desire.jpg.webp
Arcahv,Datas\Music_Image\Arcahv.jpg.webp
Heart Jackin',Datas\Music_Image\Heart Jackin'.jpg.webp
Far Away Light,Datas\Music_Image\Far Away Light-fixed.jpg.webp
THE ULTIMACY,Datas\Music_Image\THE ULTIMACY.jpg.webp
AlterAle,Datas\Music_Image\AlterAle.jpg.webp
Ascent,Datas\Music_Image\Ascent.jpg.webp
Let's Rock (Arcaea mix),Datas\Music_Image\Let's Rock (Arcaea mix).jpg.webp
Genesis,Datas\Music_Image\Genesis CHUNITHM.jpg.webp
ヒュブリスの頂に聳えるのは,Datas\Music_Image\Hybris (The one who shattered).jpg.webp
Ultimate taste,Datas\Music_Image\Ultimate taste.jpg.webp
GOODTEK(Arcaea Edit),Datas\Music_Image\GOODTEK (Arcaea Edit).jpg.webp
Essence of Twilight,Datas\Music_Image\Essence of Twilight.jpg.webp
Anökumene,Datas\Music_Image\Anokumene.jpg.webp
フライブルクとエンドロウル,Datas\Music_Image\Flyburg and Endroll.jpg.webp
神奈川電脳暗渠,Datas\Music_Image\Kanagawa Cyber Culvert.jpg.webp
Ignotus,Datas\Music_Image\Ignotus.jpg.webp
Red and Blue,Datas\Music_Image\Red and Blue.jpg.webp
Specta,Datas\Music_Image\Specta.jpg.webp
Quon,Datas\Music_Image\Quon.jpg.webp
Lapis,Datas\Music_Image\Lapis.jpg.webp
Alice's Suitcase,Datas\Music_Image\Alice's Suitcase.jpg.webp
Jump,Datas\Music_Image\Jump.jpg.webp
Small Cloud Sugar Candy,Datas\Music_Image\Small Cloud Sugar Candy.jpg.webp
Sakura Fubuki,Datas\Music_Image\Sakura Fubuki.jpg.webp
Last,Datas\Music_Image\Last.jpg.webp
DRG,Datas\Music_Image\DRG.jpg.webp
レイウンズ・プライド,Datas\Music_Image\Raven's Pride.jpg.webp
Primeval Texture,Datas\Music_Image\Primeval Texture.jpg.webp
Grievous Lady,Datas\Music_Image\Grievous Lady.jpg.webp
Fracture Ray,Datas\Music_Image\Fracture Ray.jpg.webp
Lucifer,Datas\Music_Image\Lucifer.jpg.webp
Shades of Light in a Transcendent Realm,Datas\Music_Image\Shades of Light in a Transcendent Realm-fixed.jpg.webp
Lumia,Datas\Music_Image\Lumia.jpg.webp
Dandelion,Datas\Music_Image\Dandelion.jpg
Flashback,Datas\Music_Image\Flashback.jpg.webp
Moonheart,Datas\Music_Image\Moonheart.jpg.webp
Genesis,Datas\Music_Image\Genesis.jpg.webp
One Last Drive,Datas\Music_Image\One Last Drive.jpg.webp
next to you,Datas\Music_Image\next to you.jpg.webp
Bookmaker (2D Version),Datas\Music_Image\Bookmaker (2D Version).jpg.webp
九番目の迷路,Datas\Music_Image\Maze No.9-2.jpg.webp
虚空の夢,Datas\Music_Image\Solitary Dream_ja.jpg.webp
Dot to Dot feat. shully,Datas\Music_Image\Dot to Dot feat. shully.jpg.webp
world.execute(me);,Datas\Music_Image\world-execute-me.jpg.webp
Vivid Theory,Datas\Music_Image\Vivid Theory.jpg.webp
1F√,Datas\Music_Image\1F√.jpg.webp
Beside You,Datas\Music_Image\Beside You.jpg.webp
enchanted love,Datas\Music_Image\enchanted love.jpg.webp
Quon,Datas\Music_Image\Quon WACCA.jpg.webp
blue comet,Datas\Music_Image\blue comet.jpg.webp
月に叢雲華に風,Datas\Music_Image\Tsuki ni Murakumo.jpg.webp
WAIT FOR DAWN,Datas\Music_Image\WAIT FOR DAWN.jpg.webp